{
  "project_info": {
    "project_number": "601943296059",
    "project_id": "rumahsampahta",
    "storage_bucket": "rumahsampahta.appspot.com"
  },
  "client": [
    {
      "client_info": {
        "mobilesdk_app_id": "1:601943296059:android:3f33de39f87e86da99f41e",
        "android_client_info": {
          "package_name": "com.ilmahannun.rumah_sampah_t_a"
        }
      },
      "oauth_client": [
        {
          "client_id": "601943296059-a4naltptc8i90g4t7cfkp7di3ek2bc3e.apps.googleusercontent.com",
          "client_type": 1,
          "android_info": {
            "package_name": "com.ilmahannun.rumah_sampah_t_a",
            "certificate_hash": "1fb251addb1df2cb0951868badbe59217d560d33"
          }
        },
        {
          "client_id": "601943296059-u122na0cgl9nf55a6l24krinac2uepdu.apps.googleusercontent.com",
          "client_type": 1,
          "android_info": {
            "package_name": "com.ilmahannun.rumah_sampah_t_a",
            "certificate_hash": "5a5d3ad3c9b7ede30b0ddda653b8945138ef9724"
          }
        },
        {
          "client_id": "601943296059-s8cbe8m1t3cafvs0f1s0aa1ataa310k5.apps.googleusercontent.com",
          "client_type": 3
        }
      ],
      "api_key": [
        {
          "current_key": "AIzaSyCWNwj2M0PgFyuy83wrgNUKs5FXZbkNUdc"
        }
      ],
      "services": {
        "appinvite_service": {
          "other_platform_oauth_client": [
            {
              "client_id": "601943296059-s8cbe8m1t3cafvs0f1s0aa1ataa310k5.apps.googleusercontent.com",
              "client_type": 3
            },
            {
              "client_id": "601943296059-055m7vdb2ov4fr987gmv0gkqnivvur5i.apps.googleusercontent.com",
              "client_type": 2,
              "ios_info": {
                "bundle_id": "com.ilmahannun.rumahSampahTa"
              }
            }
          ]
        }
      }
    }
  ],
  "configuration_version": "1"
}